unit_id,cycles,etaC,etaT
1,1,0.859,0.934
1,2,0.857,0.934
1,3,0.86,0.932
1,4,0.864,0.932
1,5,0.864,0.929
1,6,0.863,0.934
1,7,0.857,0.937
1,8,0.864,0.932
1,9,0.857,0.939
1,10,0.857,0.935
1,11,0.865,0.932
1,12,0.864,0.933
1,13,0.864,0.932
1,14,0.856,0.936
1,15,0.863,0.932
1,16,0.86,0.932
1,17,0.862,0.934
1,18,0.858,0.938
1,19,0.86,0.934
1,20,0.866,0.929
1,21,0.861,0.935
1,22,0.856,0.936
1,23,0.86,0.938
1,24,0.857,0.936
1,25,0.855,0.937
1,26,0.859,0.937
1,27,0.858,0.934
1,28,0.864,0.933
1,29,0.863,0.933
1,30,0.856,0.938
1,31,0.863,0.935
1,32,0.858,0.935
1,33,0.86,0.933
1,34,0.865,0.932
1,35,0.858,0.933
1,36,0.865,0.929
1,37,0.867,0.932
1,38,0.859,0.935
1,39,0.864,0.933
1,40,0.865,0.931
1,41,0.857,0.933
1,42,0.862,0.933
1,43,0.857,0.932
1,44,0.861,0.933
1,45,0.864,0.933
1,46,0.859,0.934
1,47,0.866,0.93
1,48,0.859,0.935
1,49,0.863,0.935
1,50,0.859,0.932
1,51,0.862,0.933
1,52,0.863,0.936
1,53,0.867,0.931
1,54,0.856,0.935
1,55,0.863,0.932
1,56,0.861,0.933
1,57,0.863,0.932
1,58,0.858,0.936
1,59,0.853,0.935
1,60,0.864,0.931
1,61,0.863,0.93
1,62,0.865,0.933
1,63,0.856,0.939
1,64,0.863,0.933
1,65,0.862,0.931
1,66,0.859,0.935
1,67,0.858,0.933
1,68,0.865,0.93
1,69,0.858,0.934
1,70,0.863,0.931
1,71,0.866,0.93
1,72,0.867,0.928
1,73,0.857,0.937
1,74,0.863,0.932
1,75,0.864,0.936
1,76,0.859,0.935
1,77,0.862,0.933
1,78,0.865,0.93
1,79,0.864,0.93
1,80,0.857,0.939
1,81,0.862,0.932
1,82,0.859,0.935
1,83,0.859,0.931
1,84,0.862,0.93
1,85,0.858,0.931
1,86,0.859,0.933
1,87,0.861,0.926
1,88,0.866,0.928
1,89,0.862,0.932
1,90,0.862,0.926
1,91,0.862,0.931
1,92,0.858,0.935
1,93,0.855,0.931
1,94,0.864,0.93
1,95,0.868,0.925
1,96,0.863,0.936
1,97,0.853,0.932
1,98,0.857,0.933
1,99,0.856,0.932
1,100,0.859,0.928
1,101,0.862,0.931
1,102,0.859,0.933
1,103,0.865,0.931
1,104,0.858,0.931
1,105,0.859,0.933
1,106,0.859,0.932
1,107,0.854,0.932
1,108,0.862,0.934
1,109,0.861,0.928
1,110,0.858,0.934
1,111,0.862,0.928
1,112,0.861,0.933
1,113,0.857,0.932
1,114,0.86,0.933
1,115,0.854,0.932
1,116,0.866,0.931
1,117,0.859,0.929
1,118,0.862,0.928
1,119,0.853,0.934
1,120,0.855,0.931
1,121,0.855,0.929
1,122,0.855,0.928
1,123,0.86,0.933
1,124,0.859,0.933
1,125,0.861,0.93
1,126,0.864,0.922
1,127,0.861,0.934
1,128,0.854,0.932
1,129,0.856,0.931
1,130,0.861,0.927
1,131,0.861,0.926
1,132,0.853,0.933
1,133,0.856,0.93
1,134,0.863,0.932
1,135,0.861,0.93
1,136,0.863,0.931
1,137,0.854,0.933
1,138,0.858,0.927
1,139,0.856,0.928
1,140,0.856,0.931
1,141,0.858,0.926
1,142,0.853,0.929
1,143,0.856,0.933
1,144,0.857,0.932
1,145,0.854,0.931
1,146,0.86,0.929
1,147,0.854,0.931
1,148,0.857,0.928
1,149,0.855,0.93
1,150,0.859,0.929
1,151,0.855,0.929
1,152,0.85,0.925
1,153,0.858,0.926
1,154,0.852,0.928
1,155,0.857,0.926
1,156,0.861,0.921
1,157,0.851,0.93
1,158,0.852,0.931
1,159,0.857,0.923
1,160,0.856,0.925
1,161,0.854,0.926
1,162,0.856,0.922
1,163,0.849,0.926
1,164,0.85,0.928
1,165,0.852,0.932
1,166,0.852,0.924
1,167,0.854,0.928
1,168,0.856,0.926
1,169,0.857,0.924
1,170,0.855,0.926
1,171,0.856,0.927
1,172,0.855,0.928
1,173,0.856,0.92
1,174,0.849,0.925
1,175,0.846,0.926
1,176,0.855,0.922
1,177,0.847,0.924
1,178,0.845,0.925
1,179,0.855,0.918
1,180,0.85,0.928
1,181,0.851,0.925
1,182,0.847,0.923
1,183,0.851,0.926
1,184,0.844,0.921
1,185,0.846,0.925
1,186,0.853,0.921
1,187,0.855,0.92
1,188,0.847,0.925
1,189,0.851,0.921
1,190,0.849,0.923
1,191,0.846,0.924
1,192,0.847,0.923
2,1,0.864,0.938
2,2,0.861,0.938
2,3,0.86,0.935
2,4,0.863,0.936
2,5,0.868,0.93
2,6,0.869,0.933
2,7,0.861,0.934
2,8,0.858,0.938
2,9,0.865,0.935
2,10,0.862,0.937
2,11,0.859,0.934
2,12,0.867,0.931
2,13,0.861,0.933
2,14,0.863,0.936
2,15,0.867,0.931
2,16,0.865,0.936
2,17,0.863,0.939
2,18,0.86,0.934
2,19,0.87,0.93
2,20,0.864,0.936
2,21,0.867,0.936
2,22,0.866,0.933
2,23,0.866,0.94
2,24,0.865,0.933
2,25,0.862,0.936
2,26,0.87,0.935
2,27,0.863,0.932
2,28,0.866,0.934
2,29,0.864,0.934
2,30,0.858,0.938
2,31,0.867,0.937
2,32,0.863,0.939
2,33,0.862,0.936
2,34,0.864,0.936
2,35,0.87,0.935
2,36,0.865,0.934
2,37,0.862,0.936
2,38,0.862,0.935
2,39,0.862,0.939
2,40,0.864,0.934
2,41,0.867,0.932
2,42,0.867,0.937
2,43,0.866,0.937
2,44,0.863,0.934
2,45,0.861,0.935
2,46,0.87,0.935
2,47,0.864,0.935
2,48,0.861,0.935
2,49,0.863,0.935
2,50,0.869,0.931
2,51,0.863,0.937
2,52,0.86,0.933
2,53,0.863,0.935
2,54,0.864,0.93
2,55,0.862,0.941
2,56,0.861,0.941
2,57,0.863,0.94
2,58,0.864,0.939
2,59,0.863,0.934
2,60,0.863,0.935
2,61,0.863,0.933
2,62,0.868,0.93
2,63,0.87,0.934
2,64,0.866,0.931
2,65,0.864,0.935
2,66,0.863,0.937
2,67,0.861,0.937
2,68,0.869,0.932
2,69,0.861,0.934
2,70,0.856,0.937
2,71,0.862,0.932
2,72,0.864,0.937
2,73,0.861,0.933
2,74,0.864,0.935
2,75,0.869,0.937
2,76,0.861,0.934
2,77,0.859,0.937
2,78,0.861,0.937
2,79,0.862,0.934
2,80,0.86,0.938
2,81,0.869,0.937
2,82,0.861,0.932
2,83,0.862,0.934
2,84,0.862,0.932
2,85,0.86,0.935
2,86,0.867,0.932
2,87,0.865,0.933
2,88,0.86,0.935
2,89,0.863,0.937
2,90,0.866,0.929
2,91,0.863,0.933
2,92,0.863,0.934
2,93,0.857,0.94
2,94,0.862,0.936
2,95,0.867,0.93
2,96,0.869,0.931
2,97,0.862,0.933
2,98,0.86,0.933
2,99,0.862,0.933
2,100,0.862,0.932
2,101,0.865,0.934
2,102,0.858,0.931
2,103,0.86,0.939
2,104,0.865,0.934
2,105,0.862,0.935
2,106,0.863,0.932
2,107,0.865,0.931
2,108,0.868,0.934
2,109,0.858,0.939
2,110,0.864,0.934
2,111,0.869,0.935
2,112,0.86,0.936
2,113,0.863,0.93
2,114,0.87,0.932
2,115,0.864,0.932
2,116,0.868,0.932
2,117,0.864,0.936
2,118,0.866,0.932
2,119,0.862,0.932
2,120,0.859,0.938
2,121,0.867,0.937
2,122,0.862,0.93
2,123,0.86,0.932
2,124,0.864,0.933
2,125,0.862,0.935
2,126,0.86,0.932
2,127,0.861,0.933
2,128,0.857,0.937
2,129,0.858,0.935
2,130,0.863,0.927
2,131,0.861,0.937
2,132,0.861,0.935
2,133,0.865,0.936
2,134,0.861,0.93
2,135,0.867,0.929
2,136,0.864,0.931
2,137,0.862,0.929
2,138,0.863,0.934
2,139,0.858,0.935
2,140,0.856,0.934
2,141,0.863,0.931
2,142,0.861,0.933
2,143,0.859,0.934
2,144,0.863,0.933
2,145,0.864,0.931
2,146,0.858,0.932
2,147,0.859,0.938
2,148,0.863,0.934
2,149,0.86,0.932
2,150,0.862,0.937
2,151,0.858,0.936
2,152,0.863,0.933
2,153,0.855,0.938
2,154,0.858,0.927
2,155,0.865,0.934
2,156,0.868,0.932
2,157,0.859,0.934
2,158,0.861,0.931
2,159,0.855,0.936
2,160,0.862,0.928
2,161,0.861,0.936
2,162,0.859,0.934
2,163,0.859,0.937
2,164,0.86,0.931
2,165,0.859,0.933
2,166,0.859,0.938
2,167,0.859,0.938
2,168,0.855,0.934
2,169,0.864,0.929
2,170,0.868,0.928
2,171,0.86,0.928
2,172,0.858,0.936
2,173,0.859,0.932
2,174,0.86,0.932
2,175,0.863,0.934
2,176,0.862,0.93
2,177,0.861,0.934
2,178,0.858,0.932
2,179,0.863,0.934
2,180,0.856,0.935
2,181,0.862,0.934
2,182,0.861,0.93
2,183,0.863,0.93
2,184,0.862,0.928
2,185,0.866,0.928
2,186,0.865,0.93
2,187,0.859,0.93
2,188,0.864,0.931
2,189,0.863,0.931
2,190,0.857,0.932
2,191,0.862,0.929
2,192,0.858,0.933
2,193,0.859,0.935
2,194,0.856,0.933
2,195,0.856,0.929
2,196,0.857,0.93
2,197,0.859,0.933
2,198,0.853,0.935
2,199,0.861,0.928
2,200,0.858,0.931
2,201,0.854,0.936
2,202,0.859,0.929
2,203,0.855,0.93
2,204,0.857,0.933
2,205,0.86,0.929
2,206,0.86,0.928
2,207,0.857,0.934
2,208,0.857,0.93
2,209,0.857,0.93
2,210,0.863,0.935
2,211,0.861,0.928
2,212,0.86,0.93
2,213,0.855,0.932
2,214,0.86,0.933
2,215,0.857,0.928
2,216,0.863,0.928
2,217,0.862,0.929
2,218,0.855,0.928
2,219,0.856,0.928
2,220,0.849,0.934
2,221,0.861,0.929
2,222,0.857,0.928
2,223,0.853,0.933
2,224,0.856,0.927
2,225,0.858,0.929
2,226,0.849,0.933
2,227,0.86,0.928
2,228,0.856,0.932
2,229,0.855,0.932
2,230,0.855,0.928
2,231,0.854,0.934
2,232,0.858,0.928
2,233,0.85,0.93
2,234,0.859,0.927
2,235,0.854,0.933
2,236,0.851,0.931
2,237,0.855,0.924
2,238,0.85,0.93
2,239,0.851,0.927
2,240,0.85,0.934
2,241,0.85,0.927
2,242,0.855,0.931
2,243,0.854,0.93
2,244,0.853,0.929
2,245,0.857,0.925
2,246,0.857,0.923
2,247,0.848,0.93
2,248,0.85,0.928
2,249,0.849,0.927
2,250,0.851,0.928
2,251,0.85,0.927
2,252,0.852,0.924
2,253,0.852,0.927
2,254,0.854,0.922
2,255,0.851,0.93
2,256,0.85,0.925
2,257,0.854,0.92
2,258,0.85,0.925
2,259,0.851,0.927
2,260,0.854,0.925
2,261,0.854,0.924
2,262,0.859,0.924
2,263,0.856,0.922
2,264,0.841,0.926
2,265,0.854,0.924
2,266,0.856,0.922
2,267,0.848,0.925
2,268,0.847,0.927
2,269,0.853,0.925
2,270,0.845,0.925
2,271,0.843,0.926
2,272,0.849,0.922
2,273,0.85,0.927
2,274,0.849,0.921
2,275,0.853,0.924
2,276,0.844,0.922
2,277,0.848,0.924
2,278,0.85,0.924
2,279,0.852,0.921
2,280,0.853,0.923
2,281,0.85,0.923
2,282,0.85,0.922
2,283,0.847,0.921
2,284,0.848,0.921
2,285,0.851,0.919
2,286,0.846,0.922
2,287,0.842,0.922
3,1,0.863,0.934
3,2,0.861,0.935
3,3,0.866,0.931
3,4,0.867,0.934
3,5,0.865,0.936
3,6,0.866,0.933
3,7,0.864,0.929
3,8,0.865,0.931
3,9,0.866,0.933
3,10,0.865,0.933
3,11,0.858,0.935
3,12,0.863,0.93
3,13,0.865,0.93
3,14,0.858,0.937
3,15,0.862,0.934
3,16,0.859,0.939
3,17,0.859,0.937
3,18,0.863,0.932
3,19,0.866,0.93
3,20,0.866,0.935
3,21,0.861,0.935
3,22,0.859,0.931
3,23,0.862,0.936
3,24,0.863,0.936
3,25,0.867,0.937
3,26,0.861,0.933
3,27,0.865,0.932
3,28,0.857,0.935
3,29,0.863,0.936
3,30,0.862,0.935
3,31,0.859,0.939
3,32,0.864,0.933
3,33,0.864,0.931
3,34,0.863,0.935
3,35,0.863,0.935
3,36,0.866,0.933
3,37,0.865,0.935
3,38,0.868,0.93
3,39,0.866,0.932
3,40,0.867,0.93
3,41,0.862,0.937
3,42,0.861,0.931
3,43,0.86,0.933
3,44,0.861,0.937
3,45,0.864,0.934
3,46,0.858,0.934
3,47,0.861,0.937
3,48,0.861,0.938
3,49,0.864,0.935
3,50,0.861,0.932
3,51,0.857,0.935
3,52,0.864,0.93
3,53,0.86,0.934
3,54,0.862,0.929
3,55,0.855,0.937
3,56,0.862,0.931
3,57,0.865,0.933
3,58,0.865,0.93
3,59,0.86,0.936
3,60,0.86,0.931
3,61,0.862,0.938
3,62,0.857,0.933
3,63,0.864,0.933
3,64,0.858,0.932
3,65,0.862,0.933
3,66,0.868,0.933
3,67,0.863,0.931
3,68,0.861,0.934
3,69,0.866,0.93
3,70,0.86,0.936
3,71,0.867,0.931
3,72,0.858,0.941
3,73,0.862,0.933
3,74,0.859,0.931
3,75,0.856,0.931
3,76,0.859,0.932
3,77,0.863,0.93
3,78,0.866,0.932
3,79,0.864,0.931
3,80,0.865,0.929
3,81,0.865,0.931
3,82,0.863,0.933
3,83,0.857,0.936
3,84,0.856,0.936
3,85,0.861,0.925
3,86,0.861,0.933
3,87,0.86,0.933
3,88,0.861,0.934
3,89,0.865,0.93
3,90,0.852,0.933
3,91,0.864,0.933
3,92,0.858,0.935
3,93,0.855,0.93
3,94,0.86,0.934
3,95,0.862,0.93
3,96,0.864,0.932
3,97,0.86,0.929
3,98,0.861,0.932
3,99,0.859,0.936
3,100,0.867,0.929
3,101,0.86,0.931
3,102,0.867,0.926
3,103,0.861,0.937
3,104,0.861,0.932
3,105,0.857,0.937
3,106,0.861,0.93
3,107,0.86,0.928
3,108,0.863,0.929
3,109,0.86,0.932
3,110,0.856,0.934
3,111,0.863,0.932
3,112,0.863,0.933
3,113,0.858,0.93
3,114,0.86,0.93
3,115,0.859,0.934
3,116,0.857,0.931
3,117,0.86,0.933
3,118,0.858,0.93
3,119,0.859,0.936
3,120,0.862,0.928
3,121,0.861,0.925
3,122,0.861,0.93
3,123,0.855,0.931
3,124,0.859,0.932
3,125,0.865,0.929
3,126,0.864,0.927
3,127,0.855,0.938
3,128,0.856,0.93
3,129,0.852,0.934
3,130,0.863,0.927
3,131,0.858,0.931
3,132,0.855,0.931
3,133,0.859,0.929
3,134,0.861,0.93
3,135,0.859,0.93
3,136,0.856,0.932
3,137,0.859,0.929
3,138,0.85,0.933
3,139,0.854,0.927
3,140,0.858,0.926
3,141,0.862,0.926
3,142,0.86,0.927
3,143,0.854,0.935
3,144,0.855,0.926
3,145,0.857,0.933
3,146,0.859,0.926
3,147,0.858,0.928
3,148,0.858,0.922
3,149,0.854,0.928
3,150,0.857,0.931
3,151,0.854,0.924
3,152,0.85,0.931
3,153,0.854,0.926
3,154,0.851,0.929
3,155,0.859,0.926
3,156,0.852,0.93
3,157,0.85,0.93
3,158,0.855,0.923
3,159,0.851,0.928
3,160,0.853,0.927
3,161,0.854,0.927
3,162,0.854,0.924
3,163,0.852,0.924
3,164,0.848,0.929
3,165,0.848,0.929
3,166,0.85,0.926
3,167,0.845,0.93
3,168,0.854,0.923
3,169,0.847,0.924
3,170,0.845,0.922
3,171,0.846,0.928
3,172,0.851,0.921
3,173,0.845,0.929
3,174,0.847,0.924
3,175,0.846,0.925
3,176,0.852,0.914
3,177,0.848,0.924
3,178,0.843,0.922
3,179,0.845,0.923
4,1,0.862,0.932
4,2,0.864,0.927
4,3,0.861,0.935
4,4,0.863,0.933
4,5,0.857,0.936
4,6,0.859,0.93
4,7,0.861,0.931
4,8,0.863,0.929
4,9,0.862,0.931
4,10,0.861,0.934
4,11,0.859,0.937
4,12,0.863,0.931
4,13,0.86,0.937
4,14,0.863,0.928
4,15,0.857,0.935
4,16,0.862,0.927
4,17,0.86,0.931
4,18,0.859,0.932
4,19,0.858,0.931
4,20,0.858,0.934
4,21,0.856,0.937
4,22,0.855,0.933
4,23,0.856,0.934
4,24,0.859,0.935
4,25,0.856,0.936
4,26,0.859,0.935
4,27,0.864,0.931
4,28,0.863,0.933
4,29,0.862,0.933
4,30,0.863,0.931
4,31,0.866,0.932
4,32,0.859,0.931
4,33,0.858,0.932
4,34,0.86,0.936
4,35,0.86,0.935
4,36,0.858,0.931
4,37,0.864,0.926
4,38,0.857,0.935
4,39,0.865,0.929
4,40,0.853,0.932
4,41,0.859,0.933
4,42,0.861,0.933
4,43,0.858,0.93
4,44,0.861,0.932
4,45,0.86,0.932
4,46,0.863,0.924
4,47,0.857,0.929
4,48,0.861,0.931
4,49,0.858,0.93
4,50,0.86,0.932
4,51,0.863,0.929
4,52,0.856,0.931
4,53,0.861,0.929
4,54,0.856,0.933
4,55,0.861,0.93
4,56,0.855,0.934
4,57,0.861,0.931
4,58,0.857,0.932
4,59,0.851,0.939
4,60,0.869,0.928
4,61,0.86,0.93
4,62,0.86,0.93
4,63,0.86,0.928
4,64,0.857,0.933
4,65,0.858,0.931
4,66,0.863,0.932
4,67,0.856,0.938
4,68,0.86,0.929
4,69,0.859,0.928
4,70,0.858,0.933
4,71,0.862,0.927
4,72,0.862,0.928
4,73,0.86,0.929
4,74,0.859,0.93
4,75,0.856,0.936
4,76,0.859,0.931
4,77,0.859,0.936
4,78,0.861,0.929
4,79,0.856,0.931
4,80,0.86,0.931
4,81,0.864,0.928
4,82,0.864,0.93
4,83,0.86,0.93
4,84,0.858,0.933
4,85,0.866,0.933
4,86,0.857,0.931
4,87,0.86,0.931
4,88,0.863,0.934
4,89,0.867,0.935
4,90,0.861,0.929
4,91,0.858,0.932
4,92,0.858,0.932
4,93,0.86,0.935
4,94,0.859,0.93
4,95,0.861,0.935
4,96,0.867,0.927
4,97,0.86,0.927
4,98,0.863,0.931
4,99,0.856,0.932
4,100,0.86,0.931
4,101,0.858,0.928
4,102,0.856,0.935
4,103,0.853,0.936
4,104,0.856,0.934
4,105,0.86,0.93
4,106,0.859,0.933
4,107,0.862,0.933
4,108,0.862,0.926
4,109,0.861,0.929
4,110,0.865,0.931
4,111,0.863,0.93
4,112,0.852,0.937
4,113,0.855,0.926
4,114,0.862,0.931
4,115,0.862,0.934
4,116,0.859,0.929
4,117,0.859,0.929
4,118,0.854,0.934
4,119,0.86,0.927
4,120,0.858,0.932
4,121,0.851,0.936
4,122,0.854,0.933
4,123,0.861,0.927
4,124,0.859,0.934
4,125,0.867,0.929
4,126,0.856,0.933
4,127,0.857,0.929
4,128,0.856,0.925
4,129,0.859,0.933
4,130,0.855,0.932
4,131,0.855,0.936
4,132,0.856,0.93
4,133,0.856,0.928
4,134,0.857,0.927
4,135,0.86,0.93
4,136,0.859,0.928
4,137,0.862,0.928
4,138,0.859,0.933
4,139,0.857,0.928
4,140,0.858,0.929
4,141,0.861,0.929
4,142,0.854,0.931
4,143,0.86,0.93
4,144,0.859,0.928
4,145,0.854,0.933
4,146,0.853,0.927
4,147,0.857,0.928
4,148,0.855,0.925
4,149,0.854,0.928
4,150,0.851,0.933
4,151,0.854,0.93
4,152,0.859,0.925
4,153,0.858,0.929
4,154,0.852,0.933
4,155,0.856,0.932
4,156,0.854,0.928
4,157,0.852,0.929
4,158,0.855,0.924
4,159,0.857,0.925
4,160,0.852,0.929
4,161,0.857,0.927
4,162,0.859,0.923
4,163,0.852,0.927
4,164,0.859,0.928
4,165,0.85,0.93
4,166,0.853,0.931
4,167,0.852,0.931
4,168,0.854,0.927
4,169,0.855,0.924
4,170,0.853,0.929
4,171,0.853,0.927
4,172,0.852,0.927
4,173,0.85,0.924
4,174,0.849,0.924
4,175,0.851,0.926
4,176,0.849,0.922
4,177,0.847,0.924
4,178,0.844,0.921
4,179,0.846,0.925
4,180,0.841,0.926
4,181,0.851,0.929
4,182,0.846,0.922
4,183,0.846,0.923
4,184,0.843,0.925
4,185,0.843,0.923
4,186,0.842,0.924
4,187,0.847,0.926
4,188,0.847,0.918
4,189,0.84,0.922
5,1,0.864,0.936
5,2,0.86,0.937
5,3,0.865,0.935
5,4,0.862,0.935
5,5,0.866,0.936
5,6,0.862,0.939
5,7,0.863,0.934
5,8,0.862,0.938
5,9,0.866,0.936
5,10,0.864,0.939
5,11,0.862,0.938
5,12,0.863,0.937
5,13,0.867,0.93
5,14,0.868,0.934
5,15,0.859,0.938
5,16,0.868,0.937
5,17,0.865,0.932
5,18,0.863,0.939
5,19,0.86,0.936
5,20,0.864,0.937
5,21,0.865,0.934
5,22,0.865,0.933
5,23,0.865,0.933
5,24,0.856,0.935
5,25,0.865,0.934
5,26,0.868,0.932
5,27,0.864,0.936
5,28,0.87,0.929
5,29,0.87,0.935
5,30,0.871,0.932
5,31,0.862,0.932
5,32,0.864,0.934
5,33,0.858,0.934
5,34,0.865,0.937
5,35,0.866,0.935
5,36,0.861,0.937
5,37,0.863,0.937
5,38,0.863,0.935
5,39,0.868,0.934
5,40,0.864,0.932
5,41,0.863,0.934
5,42,0.859,0.938
5,43,0.861,0.937
5,44,0.864,0.935
5,45,0.863,0.933
5,46,0.861,0.934
5,47,0.868,0.933
5,48,0.87,0.933
5,49,0.864,0.936
5,50,0.862,0.932
5,51,0.866,0.936
5,52,0.862,0.931
5,53,0.864,0.937
5,54,0.869,0.931
5,55,0.862,0.937
5,56,0.866,0.934
5,57,0.868,0.934
5,58,0.865,0.933
5,59,0.859,0.934
5,60,0.865,0.935
5,61,0.861,0.936
5,62,0.866,0.928
5,63,0.862,0.938
5,64,0.861,0.936
5,65,0.868,0.938
5,66,0.865,0.931
5,67,0.866,0.934
5,68,0.866,0.935
5,69,0.859,0.94
5,70,0.864,0.939
5,71,0.865,0.931
5,72,0.866,0.932
5,73,0.861,0.936
5,74,0.869,0.929
5,75,0.869,0.934
5,76,0.862,0.932
5,77,0.865,0.932
5,78,0.856,0.931
5,79,0.864,0.932
5,80,0.864,0.935
5,81,0.857,0.935
5,82,0.864,0.933
5,83,0.86,0.937
5,84,0.861,0.936
5,85,0.864,0.931
5,86,0.863,0.932
5,87,0.86,0.934
5,88,0.859,0.934
5,89,0.867,0.932
5,90,0.861,0.935
5,91,0.863,0.935
5,92,0.863,0.935
5,93,0.862,0.929
5,94,0.859,0.933
5,95,0.866,0.935
5,96,0.866,0.93
5,97,0.866,0.93
5,98,0.865,0.935
5,99,0.858,0.94
5,100,0.861,0.935
5,101,0.866,0.934
5,102,0.867,0.936
5,103,0.862,0.935
5,104,0.86,0.931
5,105,0.864,0.933
5,106,0.862,0.934
5,107,0.866,0.93
5,108,0.856,0.932
5,109,0.866,0.937
5,110,0.866,0.932
5,111,0.86,0.935
5,112,0.867,0.932
5,113,0.865,0.934
5,114,0.861,0.934
5,115,0.865,0.931
5,116,0.868,0.933
5,117,0.862,0.929
5,118,0.859,0.938
5,119,0.863,0.939
5,120,0.861,0.931
5,121,0.863,0.932
5,122,0.866,0.934
5,123,0.859,0.934
5,124,0.859,0.936
5,125,0.868,0.927
5,126,0.864,0.926
5,127,0.864,0.928
5,128,0.858,0.932
5,129,0.86,0.936
5,130,0.861,0.929
5,131,0.861,0.935
5,132,0.857,0.936
5,133,0.858,0.932
5,134,0.862,0.934
5,135,0.86,0.933
5,136,0.868,0.93
5,137,0.864,0.932
5,138,0.864,0.933
5,139,0.863,0.932
5,140,0.862,0.933
5,141,0.86,0.935
5,142,0.862,0.932
5,143,0.861,0.935
5,144,0.866,0.933
5,145,0.856,0.934
5,146,0.856,0.931
5,147,0.857,0.935
5,148,0.864,0.935
5,149,0.862,0.933
5,150,0.864,0.927
5,151,0.86,0.93
5,152,0.863,0.936
5,153,0.859,0.931
5,154,0.866,0.935
5,155,0.863,0.933
5,156,0.858,0.934
5,157,0.859,0.932
5,158,0.856,0.936
5,159,0.862,0.927
5,160,0.858,0.931
5,161,0.86,0.929
5,162,0.861,0.933
5,163,0.855,0.934
5,164,0.857,0.937
5,165,0.856,0.932
5,166,0.86,0.935
5,167,0.862,0.934
5,168,0.863,0.929
5,169,0.863,0.93
5,170,0.858,0.931
5,171,0.862,0.93
5,172,0.866,0.927
5,173,0.867,0.932
5,174,0.862,0.93
5,175,0.857,0.931
5,176,0.86,0.93
5,177,0.856,0.933
5,178,0.863,0.933
5,179,0.862,0.931
5,180,0.859,0.934
5,181,0.862,0.93
5,182,0.86,0.928
5,183,0.86,0.925
5,184,0.858,0.932
5,185,0.858,0.929
5,186,0.859,0.933
5,187,0.861,0.933
5,188,0.86,0.93
5,189,0.864,0.926
5,190,0.855,0.932
5,191,0.865,0.931
5,192,0.858,0.93
5,193,0.858,0.926
5,194,0.856,0.932
5,195,0.858,0.922
5,196,0.853,0.929
5,197,0.858,0.933
5,198,0.857,0.93
5,199,0.853,0.937
5,200,0.861,0.931
5,201,0.859,0.93
5,202,0.856,0.925
5,203,0.858,0.931
5,204,0.854,0.928
5,205,0.863,0.932
5,206,0.858,0.928
5,207,0.862,0.922
5,208,0.851,0.932
5,209,0.859,0.93
5,210,0.849,0.929
5,211,0.855,0.93
5,212,0.859,0.93
5,213,0.856,0.929
5,214,0.857,0.926
5,215,0.85,0.929
5,216,0.852,0.925
5,217,0.857,0.928
5,218,0.855,0.929
5,219,0.856,0.929
5,220,0.857,0.928
5,221,0.85,0.931
5,222,0.855,0.928
5,223,0.851,0.929
5,224,0.854,0.931
5,225,0.856,0.923
5,226,0.853,0.93
5,227,0.851,0.932
5,228,0.853,0.927
5,229,0.85,0.932
5,230,0.853,0.923
5,231,0.861,0.922
5,232,0.85,0.931
5,233,0.853,0.93
5,234,0.847,0.93
5,235,0.851,0.929
5,236,0.855,0.928
5,237,0.858,0.925
5,238,0.854,0.924
5,239,0.849,0.927
5,240,0.859,0.922
5,241,0.855,0.919
5,242,0.846,0.93
5,243,0.85,0.927
5,244,0.857,0.922
5,245,0.85,0.925
5,246,0.849,0.925
5,247,0.848,0.929
5,248,0.854,0.923
5,249,0.851,0.923
5,250,0.852,0.922
5,251,0.849,0.924
5,252,0.85,0.927
5,253,0.847,0.925
5,254,0.855,0.921
5,255,0.853,0.92
5,256,0.847,0.92
5,257,0.846,0.925
5,258,0.852,0.92
5,259,0.842,0.929
5,260,0.843,0.925
5,261,0.849,0.926
5,262,0.848,0.924
5,263,0.842,0.928
5,264,0.844,0.925
5,265,0.844,0.925
5,266,0.842,0.92
5,267,0.841,0.923
5,268,0.842,0.92
5,269,0.85,0.919
6,1,0.862,0.926
6,2,0.857,0.935
6,3,0.859,0.931
6,4,0.858,0.934
6,5,0.854,0.931
6,6,0.859,0.93
6,7,0.86,0.932
6,8,0.861,0.931
6,9,0.862,0.929
6,10,0.859,0.925
6,11,0.86,0.933
6,12,0.854,0.934
6,13,0.858,0.929
6,14,0.856,0.932
6,15,0.863,0.927
6,16,0.858,0.928
6,17,0.859,0.928
6,18,0.86,0.928
6,19,0.859,0.929
6,20,0.857,0.932
6,21,0.86,0.928
6,22,0.861,0.927
6,23,0.855,0.933
6,24,0.859,0.929
6,25,0.859,0.932
6,26,0.857,0.93
6,27,0.86,0.929
6,28,0.857,0.931
6,29,0.859,0.928
6,30,0.863,0.927
6,31,0.856,0.934
6,32,0.859,0.93
6,33,0.858,0.935
6,34,0.855,0.929
6,35,0.865,0.929
6,36,0.86,0.928
6,37,0.857,0.93
6,38,0.861,0.929
6,39,0.859,0.928
6,40,0.862,0.924
6,41,0.86,0.929
6,42,0.863,0.927
6,43,0.859,0.933
6,44,0.854,0.933
6,45,0.859,0.929
6,46,0.86,0.932
6,47,0.859,0.931
6,48,0.86,0.931
6,49,0.856,0.928
6,50,0.857,0.935
6,51,0.86,0.927
6,52,0.857,0.931
6,53,0.86,0.927
6,54,0.854,0.931
6,55,0.855,0.93
6,56,0.858,0.928
6,57,0.856,0.93
6,58,0.861,0.925
6,59,0.859,0.929
6,60,0.857,0.931
6,61,0.854,0.928
6,62,0.855,0.934
6,63,0.852,0.93
6,64,0.858,0.931
6,65,0.856,0.929
6,66,0.854,0.931
6,67,0.859,0.927
6,68,0.86,0.926
6,69,0.856,0.932
6,70,0.85,0.932
6,71,0.854,0.929
6,72,0.86,0.925
6,73,0.857,0.929
6,74,0.859,0.929
6,75,0.862,0.927
6,76,0.855,0.929
6,77,0.86,0.924
6,78,0.861,0.927
6,79,0.855,0.927
6,80,0.855,0.931
6,81,0.854,0.93
6,82,0.859,0.928
6,83,0.855,0.927
6,84,0.862,0.928
6,85,0.849,0.935
6,86,0.853,0.927
6,87,0.859,0.929
6,88,0.858,0.932
6,89,0.852,0.927
6,90,0.855,0.928
6,91,0.861,0.93
6,92,0.856,0.931
6,93,0.852,0.928
6,94,0.859,0.929
6,95,0.855,0.929
6,96,0.854,0.927
6,97,0.857,0.93
6,98,0.852,0.927
6,99,0.851,0.93
6,100,0.856,0.932
6,101,0.854,0.925
6,102,0.852,0.929
6,103,0.859,0.925
6,104,0.857,0.926
6,105,0.86,0.928
6,106,0.856,0.932
6,107,0.857,0.93
6,108,0.858,0.928
6,109,0.858,0.928
6,110,0.86,0.929
6,111,0.855,0.927
6,112,0.85,0.929
6,113,0.852,0.928
6,114,0.857,0.928
6,115,0.851,0.933
6,116,0.854,0.928
6,117,0.855,0.93
6,118,0.854,0.924
6,119,0.852,0.927
6,120,0.856,0.929
6,121,0.858,0.928
6,122,0.849,0.929
6,123,0.856,0.929
6,124,0.859,0.927
6,125,0.853,0.93
6,126,0.848,0.93
6,127,0.857,0.927
6,128,0.851,0.93
6,129,0.861,0.928
6,130,0.854,0.923
6,131,0.853,0.924
6,132,0.858,0.931
6,133,0.855,0.927
6,134,0.852,0.926
6,135,0.856,0.925
6,136,0.86,0.926
6,137,0.858,0.928
6,138,0.857,0.925
6,139,0.856,0.925
6,140,0.857,0.927
6,141,0.855,0.925
6,142,0.852,0.924
6,143,0.855,0.927
6,144,0.853,0.927
6,145,0.853,0.927
6,146,0.851,0.927
6,147,0.853,0.927
6,148,0.846,0.928
6,149,0.85,0.925
6,150,0.85,0.926
6,151,0.856,0.922
6,152,0.849,0.923
6,153,0.856,0.923
6,154,0.849,0.927
6,155,0.857,0.924
6,156,0.853,0.926
6,157,0.857,0.924
6,158,0.852,0.924
6,159,0.855,0.926
6,160,0.846,0.926
6,161,0.854,0.922
6,162,0.855,0.923
6,163,0.847,0.925
6,164,0.845,0.926
6,165,0.846,0.925
6,166,0.847,0.926
6,167,0.85,0.922
6,168,0.856,0.92
6,169,0.851,0.921
6,170,0.849,0.923
6,171,0.847,0.925
6,172,0.854,0.917
6,173,0.851,0.923
6,174,0.847,0.923
6,175,0.847,0.923
6,176,0.845,0.926
6,177,0.856,0.923
6,178,0.846,0.925
6,179,0.843,0.926
6,180,0.849,0.922
6,181,0.846,0.921
6,182,0.852,0.923
6,183,0.85,0.919
6,184,0.85,0.919
6,185,0.846,0.919
6,186,0.845,0.922
6,187,0.846,0.925
6,188,0.848,0.918
7,1,0.859,0.937
7,2,0.864,0.935
7,3,0.859,0.936
7,4,0.861,0.935
7,5,0.861,0.932
7,6,0.861,0.932
7,7,0.86,0.94
7,8,0.861,0.933
7,9,0.865,0.931
7,10,0.859,0.939
7,11,0.862,0.937
7,12,0.858,0.937
7,13,0.863,0.938
7,14,0.867,0.938
7,15,0.864,0.934
7,16,0.859,0.931
7,17,0.86,0.936
7,18,0.863,0.936
7,19,0.862,0.935
7,20,0.862,0.936
7,21,0.859,0.932
7,22,0.868,0.935
7,23,0.861,0.935
7,24,0.864,0.934
7,25,0.868,0.933
7,26,0.862,0.933
7,27,0.862,0.935
7,28,0.861,0.931
7,29,0.859,0.937
7,30,0.863,0.935
7,31,0.859,0.933
7,32,0.859,0.936
7,33,0.862,0.934
7,34,0.864,0.931
7,35,0.858,0.929
7,36,0.865,0.936
7,37,0.863,0.933
7,38,0.858,0.939
7,39,0.864,0.931
7,40,0.861,0.938
7,41,0.858,0.931
7,42,0.866,0.933
7,43,0.865,0.934
7,44,0.861,0.935
7,45,0.861,0.934
7,46,0.862,0.93
7,47,0.86,0.933
7,48,0.862,0.934
7,49,0.861,0.936
7,50,0.858,0.935
7,51,0.866,0.934
7,52,0.863,0.932
7,53,0.864,0.936
7,54,0.857,0.935
7,55,0.862,0.934
7,56,0.863,0.936
7,57,0.862,0.935
7,58,0.861,0.933
7,59,0.862,0.935
7,60,0.866,0.935
7,61,0.861,0.932
7,62,0.862,0.94
7,63,0.868,0.931
7,64,0.859,0.935
7,65,0.868,0.933
7,66,0.861,0.934
7,67,0.864,0.931
7,68,0.861,0.937
7,69,0.856,0.934
7,70,0.864,0.934
7,71,0.863,0.934
7,72,0.865,0.929
7,73,0.86,0.933
7,74,0.86,0.93
7,75,0.864,0.931
7,76,0.862,0.929
7,77,0.859,0.934
7,78,0.864,0.933
7,79,0.86,0.931
7,80,0.862,0.932
7,81,0.863,0.928
7,82,0.86,0.935
7,83,0.86,0.931
7,84,0.861,0.933
7,85,0.864,0.931
7,86,0.859,0.936
7,87,0.868,0.929
7,88,0.855,0.934
7,89,0.856,0.938
7,90,0.866,0.93
7,91,0.856,0.938
7,92,0.861,0.936
7,93,0.861,0.933
7,94,0.859,0.933
7,95,0.864,0.933
7,96,0.865,0.937
7,97,0.863,0.932
7,98,0.86,0.934
7,99,0.861,0.933
7,100,0.865,0.931
7,101,0.855,0.936
7,102,0.856,0.938
7,103,0.863,0.93
7,104,0.864,0.937
7,105,0.864,0.932
7,106,0.864,0.927
7,107,0.86,0.933
7,108,0.86,0.934
7,109,0.861,0.936
7,110,0.856,0.927
7,111,0.858,0.933
7,112,0.868,0.932
7,113,0.866,0.93
7,114,0.86,0.931
7,115,0.866,0.929
7,116,0.858,0.935
7,117,0.854,0.939
7,118,0.859,0.937
7,119,0.866,0.931
7,120,0.859,0.936
7,121,0.861,0.929
7,122,0.857,0.933
7,123,0.864,0.933
7,124,0.855,0.931
7,125,0.863,0.932
7,126,0.864,0.934
7,127,0.865,0.931
7,128,0.86,0.936
7,129,0.863,0.933
7,130,0.866,0.928
7,131,0.857,0.934
7,132,0.864,0.928
7,133,0.857,0.936
7,134,0.86,0.93
7,135,0.863,0.93
7,136,0.861,0.931
7,137,0.86,0.935
7,138,0.86,0.928
7,139,0.865,0.928
7,140,0.86,0.936
7,141,0.863,0.929
7,142,0.859,0.93
7,143,0.857,0.928
7,144,0.861,0.933
7,145,0.863,0.934
7,146,0.861,0.931
7,147,0.858,0.93
7,148,0.86,0.931
7,149,0.859,0.931
7,150,0.86,0.929
7,151,0.86,0.935
7,152,0.861,0.935
7,153,0.861,0.932
7,154,0.856,0.927
7,155,0.86,0.93
7,156,0.863,0.932
7,157,0.858,0.932
7,158,0.859,0.933
7,159,0.86,0.931
7,160,0.86,0.929
7,161,0.856,0.931
7,162,0.862,0.923
7,163,0.854,0.93
7,164,0.865,0.924
7,165,0.861,0.929
7,166,0.861,0.929
7,167,0.863,0.932
7,168,0.856,0.932
7,169,0.857,0.932
7,170,0.861,0.928
7,171,0.859,0.931
7,172,0.854,0.933
7,173,0.859,0.926
7,174,0.861,0.935
7,175,0.853,0.929
7,176,0.851,0.928
7,177,0.857,0.929
7,178,0.859,0.928
7,179,0.857,0.935
7,180,0.857,0.932
7,181,0.859,0.927
7,182,0.86,0.929
7,183,0.855,0.93
7,184,0.851,0.931
7,185,0.856,0.933
7,186,0.857,0.933
7,187,0.856,0.928
7,188,0.854,0.929
7,189,0.857,0.928
7,190,0.86,0.925
7,191,0.856,0.929
7,192,0.856,0.929
7,193,0.859,0.929
7,194,0.852,0.934
7,195,0.856,0.928
7,196,0.856,0.927
7,197,0.853,0.93
7,198,0.855,0.932
7,199,0.854,0.932
7,200,0.853,0.927
7,201,0.852,0.931
7,202,0.851,0.927
7,203,0.852,0.93
7,204,0.851,0.927
7,205,0.857,0.926
7,206,0.86,0.932
7,207,0.854,0.928
7,208,0.858,0.931
7,209,0.853,0.926
7,210,0.854,0.926
7,211,0.855,0.924
7,212,0.854,0.93
7,213,0.85,0.929
7,214,0.861,0.925
7,215,0.854,0.926
7,216,0.856,0.925
7,217,0.848,0.927
7,218,0.863,0.922
7,219,0.854,0.926
7,220,0.852,0.927
7,221,0.857,0.926
7,222,0.854,0.927
7,223,0.855,0.929
7,224,0.85,0.924
7,225,0.848,0.936
7,226,0.853,0.926
7,227,0.848,0.929
7,228,0.855,0.922
7,229,0.854,0.925
7,230,0.853,0.925
7,231,0.851,0.928
7,232,0.852,0.93
7,233,0.851,0.925
7,234,0.849,0.923
7,235,0.853,0.925
7,236,0.853,0.926
7,237,0.851,0.929
7,238,0.855,0.924
7,239,0.851,0.921
7,240,0.851,0.918
7,241,0.847,0.92
7,242,0.85,0.925
7,243,0.843,0.93
7,244,0.848,0.922
7,245,0.851,0.922
7,246,0.852,0.917
7,247,0.848,0.924
7,248,0.856,0.919
7,249,0.85,0.924
7,250,0.85,0.925
7,251,0.847,0.922
7,252,0.847,0.917
7,253,0.851,0.925
7,254,0.856,0.922
7,255,0.843,0.927
7,256,0.85,0.921
7,257,0.846,0.926
7,258,0.85,0.923
7,259,0.849,0.917
8,1,0.861,0.928
8,2,0.861,0.928
8,3,0.857,0.934
8,4,0.855,0.932
8,5,0.853,0.931
8,6,0.852,0.926
8,7,0.86,0.931
8,8,0.858,0.931
8,9,0.854,0.928
8,10,0.863,0.929
8,11,0.859,0.923
8,12,0.86,0.931
8,13,0.859,0.93
8,14,0.859,0.926
8,15,0.852,0.93
8,16,0.855,0.93
8,17,0.856,0.934
8,18,0.855,0.93
8,19,0.858,0.931
8,20,0.857,0.932
8,21,0.861,0.934
8,22,0.858,0.927
8,23,0.861,0.924
8,24,0.862,0.93
8,25,0.862,0.927
8,26,0.858,0.932
8,27,0.857,0.927
8,28,0.862,0.926
8,29,0.856,0.931
8,30,0.858,0.935
8,31,0.863,0.927
8,32,0.854,0.928
8,33,0.859,0.925
8,34,0.854,0.933
8,35,0.856,0.928
8,36,0.859,0.926
8,37,0.855,0.93
8,38,0.855,0.934
8,39,0.854,0.931
8,40,0.86,0.928
8,41,0.86,0.925
8,42,0.853,0.929
8,43,0.858,0.932
8,44,0.855,0.929
8,45,0.854,0.932
8,46,0.864,0.928
8,47,0.852,0.932
8,48,0.856,0.929
8,49,0.852,0.932
8,50,0.852,0.926
8,51,0.852,0.932
8,52,0.857,0.929
8,53,0.857,0.93
8,54,0.86,0.929
8,55,0.859,0.929
8,56,0.859,0.927
8,57,0.859,0.931
8,58,0.86,0.925
8,59,0.852,0.935
8,60,0.855,0.928
8,61,0.865,0.926
8,62,0.858,0.931
8,63,0.855,0.929
8,64,0.859,0.932
8,65,0.856,0.929
8,66,0.858,0.929
8,67,0.851,0.928
8,68,0.855,0.93
8,69,0.857,0.928
8,70,0.851,0.932
8,71,0.859,0.928
8,72,0.857,0.927
8,73,0.858,0.927
8,74,0.858,0.931
8,75,0.859,0.926
8,76,0.86,0.928
8,77,0.854,0.927
8,78,0.855,0.929
8,79,0.857,0.93
8,80,0.86,0.921
8,81,0.851,0.927
8,82,0.859,0.93
8,83,0.859,0.931
8,84,0.849,0.928
8,85,0.86,0.923
8,86,0.853,0.93
8,87,0.854,0.925
8,88,0.855,0.928
8,89,0.858,0.926
8,90,0.852,0.925
8,91,0.852,0.926
8,92,0.86,0.931
8,93,0.85,0.93
8,94,0.851,0.929
8,95,0.854,0.928
8,96,0.852,0.931
8,97,0.858,0.926
8,98,0.856,0.927
8,99,0.852,0.927
8,100,0.853,0.926
8,101,0.856,0.923
8,102,0.863,0.925
8,103,0.855,0.93
8,104,0.857,0.924
8,105,0.855,0.929
8,106,0.859,0.927
8,107,0.851,0.926
8,108,0.857,0.922
8,109,0.852,0.93
8,110,0.856,0.927
8,111,0.855,0.926
8,112,0.847,0.93
8,113,0.85,0.932
8,114,0.853,0.928
8,115,0.85,0.928
8,116,0.854,0.924
8,117,0.86,0.922
8,118,0.861,0.927
8,119,0.854,0.926
8,120,0.849,0.928
8,121,0.853,0.926
8,122,0.854,0.923
8,123,0.852,0.925
8,124,0.852,0.925
8,125,0.854,0.922
8,126,0.849,0.926
8,127,0.853,0.927
8,128,0.85,0.921
8,129,0.854,0.925
8,130,0.849,0.93
8,131,0.854,0.921
8,132,0.851,0.926
8,133,0.851,0.928
8,134,0.851,0.922
8,135,0.852,0.924
8,136,0.847,0.928
8,137,0.85,0.923
8,138,0.85,0.92
8,139,0.851,0.923
8,140,0.854,0.925
8,141,0.852,0.924
8,142,0.848,0.922
8,143,0.84,0.926
8,144,0.845,0.926
8,145,0.849,0.922
8,146,0.844,0.927
8,147,0.847,0.921
8,148,0.844,0.927
8,149,0.844,0.923
8,150,0.846,0.92
9,1,0.864,0.935
9,2,0.867,0.935
9,3,0.861,0.936
9,4,0.863,0.929
9,5,0.867,0.932
9,6,0.859,0.934
9,7,0.862,0.933
9,8,0.866,0.937
9,9,0.866,0.935
9,10,0.866,0.937
9,11,0.865,0.932
9,12,0.863,0.932
9,13,0.859,0.935
9,14,0.863,0.934
9,15,0.861,0.937
9,16,0.861,0.934
9,17,0.861,0.937
9,18,0.856,0.938
9,19,0.867,0.932
9,20,0.869,0.937
9,21,0.867,0.935
9,22,0.867,0.932
9,23,0.862,0.932
9,24,0.862,0.937
9,25,0.862,0.935
9,26,0.863,0.935
9,27,0.856,0.939
9,28,0.865,0.935
9,29,0.868,0.932
9,30,0.863,0.935
9,31,0.859,0.938
9,32,0.86,0.94
9,33,0.862,0.936
9,34,0.86,0.931
9,35,0.859,0.934
9,36,0.864,0.935
9,37,0.866,0.934
9,38,0.859,0.939
9,39,0.86,0.934
9,40,0.857,0.939
9,41,0.864,0.938
9,42,0.864,0.934
9,43,0.864,0.936
9,44,0.869,0.933
9,45,0.868,0.934
9,46,0.87,0.928
9,47,0.864,0.932
9,48,0.862,0.937
9,49,0.866,0.936
9,50,0.862,0.935
9,51,0.858,0.938
9,52,0.862,0.939
9,53,0.86,0.938
9,54,0.864,0.939
9,55,0.864,0.932
9,56,0.865,0.934
9,57,0.869,0.932
9,58,0.862,0.932
9,59,0.859,0.934
9,60,0.863,0.934
9,61,0.865,0.939
9,62,0.862,0.936
9,63,0.864,0.936
9,64,0.864,0.934
9,65,0.865,0.932
9,66,0.862,0.937
9,67,0.861,0.932
9,68,0.863,0.934
9,69,0.863,0.938
9,70,0.862,0.934
9,71,0.858,0.93
9,72,0.869,0.927
9,73,0.864,0.933
9,74,0.864,0.933
9,75,0.86,0.93
9,76,0.871,0.93
9,77,0.862,0.931
9,78,0.861,0.93
9,79,0.86,0.939
9,80,0.863,0.933
9,81,0.861,0.934
9,82,0.862,0.932
9,83,0.862,0.935
9,84,0.864,0.934
9,85,0.861,0.933
9,86,0.859,0.933
9,87,0.857,0.94
9,88,0.866,0.933
9,89,0.857,0.936
9,90,0.863,0.932
9,91,0.867,0.928
9,92,0.862,0.934
9,93,0.857,0.932
9,94,0.856,0.935
9,95,0.862,0.937
9,96,0.863,0.935
9,97,0.861,0.931
9,98,0.861,0.934
9,99,0.864,0.933
9,100,0.859,0.938
9,101,0.86,0.933
9,102,0.861,0.936
9,103,0.858,0.933
9,104,0.859,0.933
9,105,0.858,0.935
9,106,0.858,0.934
9,107,0.865,0.929
9,108,0.865,0.935
9,109,0.863,0.929
9,110,0.859,0.938
9,111,0.863,0.934
9,112,0.86,0.932
9,113,0.868,0.93
9,114,0.859,0.935
9,115,0.863,0.933
9,116,0.863,0.942
9,117,0.86,0.933
9,118,0.859,0.927
9,119,0.861,0.935
9,120,0.866,0.935
9,121,0.86,0.935
9,122,0.853,0.934
9,123,0.852,0.938
9,124,0.86,0.936
9,125,0.861,0.932
9,126,0.864,0.934
9,127,0.86,0.932
9,128,0.859,0.93
9,129,0.86,0.935
9,130,0.859,0.935
9,131,0.859,0.937
9,132,0.855,0.938
9,133,0.86,0.93
9,134,0.855,0.931
9,135,0.855,0.938
9,136,0.86,0.931
9,137,0.855,0.933
9,138,0.858,0.934
9,139,0.855,0.933
9,140,0.854,0.937
9,141,0.859,0.933
9,142,0.864,0.931
9,143,0.857,0.932
9,144,0.855,0.933
9,145,0.857,0.936
9,146,0.864,0.929
9,147,0.859,0.932
9,148,0.857,0.935
9,149,0.859,0.934
9,150,0.854,0.932
9,151,0.863,0.929
9,152,0.861,0.922
9,153,0.859,0.928
9,154,0.856,0.932
9,155,0.859,0.928
9,156,0.863,0.931
9,157,0.857,0.935
9,158,0.854,0.937
9,159,0.862,0.932
9,160,0.86,0.929
9,161,0.863,0.926
9,162,0.856,0.929
9,163,0.858,0.928
9,164,0.853,0.935
9,165,0.854,0.93
9,166,0.856,0.929
9,167,0.859,0.933
9,168,0.857,0.929
9,169,0.855,0.934
9,170,0.859,0.928
9,171,0.86,0.923
9,172,0.855,0.93
9,173,0.858,0.933
9,174,0.854,0.926
9,175,0.853,0.929
9,176,0.857,0.93
9,177,0.853,0.932
9,178,0.854,0.932
9,179,0.85,0.93
9,180,0.854,0.933
9,181,0.848,0.928
9,182,0.852,0.927
9,183,0.857,0.929
9,184,0.848,0.929
9,185,0.848,0.926
9,186,0.854,0.927
9,187,0.844,0.927
9,188,0.848,0.928
9,189,0.853,0.926
9,190,0.853,0.926
9,191,0.847,0.925
9,192,0.851,0.926
9,193,0.848,0.922
9,194,0.85,0.927
9,195,0.847,0.92
9,196,0.851,0.923
9,197,0.852,0.927
9,198,0.85,0.917
9,199,0.846,0.922
9,200,0.847,0.92
9,201,0.853,0.92
10,1,0.86,0.939
10,2,0.861,0.939
10,3,0.866,0.935
10,4,0.858,0.942
10,5,0.866,0.934
10,6,0.862,0.936
10,7,0.865,0.936
10,8,0.863,0.938
10,9,0.866,0.931
10,10,0.866,0.933
10,11,0.862,0.933
10,12,0.857,0.937
10,13,0.868,0.934
10,14,0.863,0.933
10,15,0.862,0.937
10,16,0.859,0.936
10,17,0.862,0.933
10,18,0.867,0.935
10,19,0.859,0.937
10,20,0.863,0.935
10,21,0.866,0.933
10,22,0.86,0.936
10,23,0.859,0.937
10,24,0.864,0.937
10,25,0.866,0.928
10,26,0.859,0.939
10,27,0.864,0.935
10,28,0.862,0.938
10,29,0.865,0.934
10,30,0.861,0.932
10,31,0.862,0.935
10,32,0.862,0.938
10,33,0.864,0.935
10,34,0.865,0.934
10,35,0.862,0.934
10,36,0.866,0.934
10,37,0.87,0.932
10,38,0.859,0.936
10,39,0.861,0.939
10,40,0.864,0.937
10,41,0.859,0.939
10,42,0.867,0.933
10,43,0.874,0.928
10,44,0.866,0.932
10,45,0.867,0.933
10,46,0.861,0.935
10,47,0.868,0.935
10,48,0.864,0.932
10,49,0.866,0.933
10,50,0.862,0.933
10,51,0.866,0.935
10,52,0.86,0.934
10,53,0.858,0.936
10,54,0.863,0.931
10,55,0.868,0.932
10,56,0.862,0.935
10,57,0.861,0.933
10,58,0.865,0.934
10,59,0.856,0.935
10,60,0.863,0.932
10,61,0.865,0.937
10,62,0.863,0.933
10,63,0.863,0.935
10,64,0.86,0.935
10,65,0.864,0.932
10,66,0.86,0.935
10,67,0.86,0.93
10,68,0.859,0.932
10,69,0.866,0.936
10,70,0.866,0.935
10,71,0.863,0.937
10,72,0.858,0.932
10,73,0.861,0.933
10,74,0.859,0.935
10,75,0.864,0.936
10,76,0.863,0.935
10,77,0.864,0.93
10,78,0.865,0.933
10,79,0.866,0.932
10,80,0.865,0.933
10,81,0.862,0.935
10,82,0.862,0.935
10,83,0.859,0.931
10,84,0.862,0.935
10,85,0.858,0.94
10,86,0.864,0.93
10,87,0.861,0.932
10,88,0.862,0.933
10,89,0.858,0.941
10,90,0.856,0.937
10,91,0.861,0.933
10,92,0.869,0.931
10,93,0.862,0.935
10,94,0.865,0.936
10,95,0.863,0.931
10,96,0.862,0.927
10,97,0.869,0.93
10,98,0.862,0.935
10,99,0.858,0.937
10,100,0.863,0.933
10,101,0.859,0.934
10,102,0.863,0.936
10,103,0.863,0.935
10,104,0.866,0.929
10,105,0.861,0.933
10,106,0.859,0.933
10,107,0.865,0.934
10,108,0.864,0.932
10,109,0.86,0.938
10,110,0.867,0.937
10,111,0.86,0.933
10,112,0.863,0.936
10,113,0.864,0.929
10,114,0.862,0.931
10,115,0.865,0.933
10,116,0.858,0.938
10,117,0.864,0.932
10,118,0.856,0.936
10,119,0.865,0.928
10,120,0.86,0.93
10,121,0.862,0.933
10,122,0.859,0.934
10,123,0.862,0.935
10,124,0.861,0.935
10,125,0.864,0.931
10,126,0.858,0.933
10,127,0.861,0.929
10,128,0.858,0.931
10,129,0.86,0.929
10,130,0.855,0.934
10,131,0.861,0.93
10,132,0.856,0.936
10,133,0.86,0.933
10,134,0.867,0.928
10,135,0.856,0.933
10,136,0.865,0.929
10,137,0.86,0.933
10,138,0.856,0.936
10,139,0.859,0.936
10,140,0.861,0.931
10,141,0.865,0.93
10,142,0.862,0.927
10,143,0.858,0.937
10,144,0.86,0.929
10,145,0.854,0.933
10,146,0.858,0.933
10,147,0.86,0.93
10,148,0.859,0.932
10,149,0.863,0.926
10,150,0.862,0.931
10,151,0.861,0.931
10,152,0.859,0.931
10,153,0.864,0.929
10,154,0.865,0.931
10,155,0.863,0.928
10,156,0.853,0.932
10,157,0.858,0.925
10,158,0.859,0.93
10,159,0.863,0.931
10,160,0.858,0.927
10,161,0.858,0.93
10,162,0.856,0.934
10,163,0.859,0.93
10,164,0.858,0.929
10,165,0.868,0.929
10,166,0.858,0.926
10,167,0.855,0.932
10,168,0.855,0.933
10,169,0.85,0.929
10,170,0.856,0.926
10,171,0.852,0.929
10,172,0.856,0.927
10,173,0.862,0.925
10,174,0.86,0.928
10,175,0.855,0.929
10,176,0.853,0.933
10,177,0.86,0.926
10,178,0.864,0.923
10,179,0.858,0.929
10,180,0.863,0.928
10,181,0.855,0.926
10,182,0.856,0.934
10,183,0.854,0.928
10,184,0.856,0.928
10,185,0.859,0.929
10,186,0.856,0.924
10,187,0.852,0.93
10,188,0.858,0.926
10,189,0.859,0.929
10,190,0.858,0.922
10,191,0.862,0.925
10,192,0.851,0.93
10,193,0.851,0.927
10,194,0.848,0.929
10,195,0.856,0.925
10,196,0.853,0.928
10,197,0.851,0.927
10,198,0.851,0.929
10,199,0.855,0.925
10,200,0.849,0.924
10,201,0.855,0.925
10,202,0.851,0.926
10,203,0.849,0.925
10,204,0.857,0.923
10,205,0.854,0.923
10,206,0.853,0.927
10,207,0.854,0.923
10,208,0.854,0.925
10,209,0.852,0.929
10,210,0.853,0.928
10,211,0.851,0.926
10,212,0.848,0.928
10,213,0.838,0.929
10,214,0.849,0.921
10,215,0.849,0.921
10,216,0.847,0.924
10,217,0.846,0.925
10,218,0.85,0.922
10,219,0.846,0.925
10,220,0.845,0.926
10,221,0.845,0.92
10,222,0.85,0.916
